RegionID,SizeRank,RegionName,RegionType,StateName,State,StateCodeFIPS,MunicipalCodeFIPS,2019-01-31,2019-02-28,2019-03-31,2019-04-30,2019-05-31,2019-06-30,2019-07-31,2019-08-31,2019-09-30,2019-10-31,2019-11-30,2019-12-31,Home Type
3101,0,Los Angeles County,County,CA,CA,6,37,720614.0,717257.0,714336.0,713429.0,717638.0,723502.0,724759.0,724660.0,724521.0,726980.0,728185.0,731134.0,4 bedroom
2841,4,San Diego County,County,CA,CA,6,73,691293.0,688656.0,687201.0,690763.0,694178.0,699356.0,703425.0,705471.0,705167.0,704542.0,706376.0,709632.0,4 bedroom
1286,5,Orange County,County,CA,CA,6,59,857132.0,854483.0,852214.0,851562.0,854925.0,858381.0,862780.0,863222.0,866313.0,866792.0,867643.0,867894.0,4 bedroom
2832,10,Riverside County,County,CA,CA,6,65,443718.0,444634.0,446654.0,447262.0,447404.0,448071.0,449220.0,449980.0,449541.0,450925.0,451727.0,454675.0,4 bedroom
3250,11,San Bernardino County,County,CA,CA,6,71,439017.0,439406.0,439937.0,440389.0,443087.0,445272.0,446290.0,446216.0,446304.0,447626.0,449260.0,451010.0,4 bedroom
3136,16,Santa Clara County,County,CA,CA,6,85,1308050.0,1284495.0,1266364.0,1264120.0,1263112.0,1259308.0,1250980.0,1244234.0,1248685.0,1250944.0,1257604.0,1264876.0,4 bedroom
1510,21,Alameda County,County,CA,CA,6,1,1101807.0,1094632.0,1091639.0,1094076.0,1097808.0,1103800.0,1105133.0,1100654.0,1096701.0,1093902.0,1091387.0,1094689.0,4 bedroom
3017,24,Sacramento County,County,CA,CA,6,67,423173.0,422688.0,422230.0,424109.0,427600.0,431580.0,433433.0,434151.0,435431.0,436681.0,438828.0,440101.0,4 bedroom
3159,36,Contra Costa County,County,CA,CA,6,13,685071.0,683972.0,683031.0,681766.0,684833.0,687019.0,687174.0,684359.0,679896.0,678932.0,679842.0,683502.0,4 bedroom
1018,45,Fresno County,County,CA,CA,6,19,341620.0,342255.0,343231.0,343547.0,343569.0,345136.0,346257.0,347329.0,346783.0,347804.0,348396.0,349518.0,4 bedroom
204,61,Kern County,County,CA,CA,6,29,281605.0,283179.0,283724.0,283413.0,284386.0,286239.0,287351.0,288169.0,288506.0,289182.0,290332.0,291396.0,4 bedroom
2061,62,Ventura County,County,CA,CA,6,111,690356.0,689359.0,690037.0,693423.0,695336.0,696369.0,696143.0,696430.0,696075.0,697100.0,697603.0,700527.0,4 bedroom
3227,65,San Francisco County,County,CA,CA,6,75,1953368.0,1955654.0,1956668.0,1949818.0,1960543.0,1970188.0,1975170.0,1962165.0,1955532.0,1967203.0,1986157.0,2012534.0,4 bedroom
2842,81,San Mateo County,County,CA,CA,6,81,1890013.0,1876509.0,1860103.0,1861298.0,1873290.0,1882886.0,1885514.0,1867587.0,1870957.0,1866647.0,1872426.0,1877187.0,4 bedroom
3134,86,San Joaquin County,County,CA,CA,6,77,451483.0,449460.0,451884.0,451684.0,453772.0,455758.0,457107.0,458091.0,456454.0,455843.0,455973.0,458467.0,4 bedroom
3033,124,Stanislaus County,County,CA,CA,6,99,380811.0,381414.0,381309.0,383988.0,383962.0,385477.0,384533.0,385637.0,385384.0,387721.0,389961.0,391865.0,4 bedroom
1396,136,Sonoma County,County,CA,CA,6,97,712051.0,701323.0,695759.0,694924.0,700539.0,707619.0,711974.0,712902.0,709345.0,708322.0,705883.0,705785.0,4 bedroom
1442,145,Tulare County,County,CA,CA,6,107,294160.0,293279.0,293120.0,293444.0,294682.0,295209.0,294350.0,293568.0,293934.0,295884.0,296743.0,297242.0,4 bedroom
3229,156,Santa Barbara County,County,CA,CA,6,83,732951.0,734162.0,732155.0,729319.0,727991.0,732775.0,737540.0,740241.0,739689.0,741361.0,743896.0,745880.0,4 bedroom
2444,160,Monterey County,County,CA,CA,6,53,612886.0,615176.0,616680.0,618508.0,618044.0,619827.0,620086.0,621481.0,620602.0,621137.0,622373.0,623676.0,4 bedroom
1395,161,Solano County,County,CA,CA,6,95,507197.0,505600.0,504647.0,507007.0,507810.0,509151.0,513001.0,516139.0,517058.0,515682.0,513590.0,513172.0,4 bedroom
1325,186,Placer County,County,CA,CA,6,61,560473.0,561390.0,561221.0,561069.0,565584.0,569564.0,572060.0,573659.0,575145.0,575113.0,573771.0,573728.0,4 bedroom
3261,238,San Luis Obispo County,County,CA,CA,6,79,741829.0,739001.0,740286.0,742448.0,750504.0,752972.0,751016.0,749469.0,750112.0,752885.0,753977.0,754171.0,4 bedroom
3025,249,Santa Cruz County,County,CA,CA,6,87,1135890.0,1139513.0,1135654.0,1138407.0,1136886.0,1141202.0,1141266.0,1135766.0,1133447.0,1133305.0,1135135.0,1133402.0,4 bedroom
1196,251,Merced County,County,CA,CA,6,47,325050.0,323502.0,321949.0,323032.0,325848.0,328023.0,327299.0,326035.0,325038.0,325496.0,325692.0,325858.0,4 bedroom
625,255,Marin County,County,CA,CA,6,41,1469459.0,1465343.0,1463785.0,1459017.0,1459294.0,1458412.0,1450999.0,1439954.0,1428620.0,1427462.0,1431609.0,1437891.0,4 bedroom
418,283,Butte County,County,CA,CA,6,7,433852.0,446086.0,454577.0,460641.0,466187.0,472976.0,478156.0,481598.0,483130.0,484586.0,486353.0,484958.0,4 bedroom
340,307,Yolo County,County,CA,CA,6,113,546489.0,540081.0,539569.0,543091.0,546836.0,546664.0,546388.0,547522.0,547915.0,544468.0,541450.0,540965.0,4 bedroom
2691,338,El Dorado County,County,CA,CA,6,17,622753.0,625665.0,627562.0,626240.0,627639.0,629389.0,632722.0,632620.0,630108.0,628239.0,625885.0,624520.0,4 bedroom
1380,348,Shasta County,County,CA,CA,6,89,371163.0,373841.0,376094.0,376963.0,378850.0,383347.0,386806.0,388096.0,387403.0,386608.0,385944.0,385407.0,4 bedroom
2354,352,Imperial County,County,CA,CA,6,25,217131.0,217003.0,217595.0,219495.0,221084.0,222757.0,223459.0,223113.0,221013.0,219561.0,219276.0,220968.0,4 bedroom
580,407,Kings County,County,CA,CA,6,31,279251.0,279550.0,279894.0,279423.0,280051.0,280784.0,281217.0,280894.0,280900.0,281349.0,282407.0,284056.0,4 bedroom
1156,413,Madera County,County,CA,CA,6,39,314344.0,314382.0,315064.0,315780.0,317777.0,319443.0,320942.0,321913.0,323419.0,324224.0,325409.0,327480.0,4 bedroom
255,453,Napa County,County,CA,CA,6,55,799368.0,804533.0,804956.0,800584.0,796056.0,793380.0,792118.0,788470.0,786584.0,783254.0,782443.0,779947.0,4 bedroom
2351,457,Humboldt County,County,CA,CA,6,23,419269.0,419368.0,420005.0,421688.0,422440.0,422690.0,420007.0,419271.0,418397.0,419553.0,419890.0,418891.0,4 bedroom
1261,588,Nevada County,County,CA,CA,6,57,689799.0,688500.0,690835.0,698977.0,704895.0,705561.0,701213.0,695705.0,690936.0,687019.0,685054.0,686024.0,4 bedroom
1415,607,Sutter County,County,CA,CA,6,101,374435.0,376343.0,376019.0,375885.0,376548.0,381466.0,384002.0,389189.0,392189.0,396780.0,397416.0,398131.0,4 bedroom
2796,645,Mendocino County,County,CA,CA,6,45,635557.0,636628.0,631768.0,628738.0,624468.0,621635.0,615897.0,610244.0,607723.0,608199.0,604853.0,602029.0,4 bedroom
346,743,Yuba County,County,CA,CA,6,115,321151.0,323101.0,324394.0,325285.0,326542.0,329301.0,332595.0,335923.0,336815.0,337803.0,338915.0,341371.0,4 bedroom
217,808,Lake County,County,CA,CA,6,33,385581.0,385248.0,384094.0,382335.0,381505.0,378689.0,379074.0,378898.0,381223.0,380292.0,379062.0,377019.0,4 bedroom
1426,820,Tehama County,County,CA,CA,6,103,299943.0,301210.0,304377.0,307910.0,310570.0,311886.0,312199.0,313597.0,314943.0,316745.0,317943.0,319143.0,4 bedroom
2584,904,Tuolumne County,County,CA,CA,6,109,392704.0,395400.0,398410.0,400944.0,401784.0,402103.0,401374.0,399509.0,397075.0,395217.0,394094.0,393711.0,4 bedroom
3020,907,San Benito County,County,CA,CA,6,69,705147.0,695497.0,691177.0,694991.0,699923.0,702285.0,703251.0,701166.0,700744.0,697602.0,697393.0,699989.0,4 bedroom
2643,1055,Calaveras County,County,CA,CA,6,9,448823.0,450785.0,451716.0,450808.0,451083.0,452969.0,454555.0,455708.0,451621.0,452078.0,451366.0,455466.0,4 bedroom
2548,1069,Siskiyou County,County,CA,CA,6,93,287386.0,287696.0,288314.0,288944.0,289999.0,291184.0,291655.0,291674.0,291180.0,291480.0,291422.0,291600.0,4 bedroom
829,1214,Amador County,County,CA,CA,6,5,463655.0,464015.0,464274.0,465001.0,465913.0,466659.0,467621.0,468913.0,470598.0,471171.0,470823.0,470176.0,4 bedroom
1143,1301,Lassen County,County,CA,CA,6,35,258667.0,258755.0,258741.0,259070.0,259674.0,260030.0,260014.0,260122.0,260503.0,260845.0,260641.0,260395.0,4 bedroom
2678,1469,Del Norte County,County,CA,CA,6,15,330451.0,332539.0,334067.0,336133.0,336675.0,338072.0,339414.0,340928.0,341979.0,342047.0,342111.0,341973.0,4 bedroom
524,1491,Glenn County,County,CA,CA,6,21,289880.0,291155.0,292023.0,293338.0,294844.0,296665.0,297638.0,298175.0,298490.0,299570.0,300314.0,300745.0,4 bedroom
952,1765,Colusa County,County,CA,CA,6,11,318069.0,319359.0,320517.0,321510.0,322737.0,323960.0,324693.0,324972.0,325423.0,326428.0,327114.0,327553.0,4 bedroom
1329,1837,Plumas County,County,CA,CA,6,63,388535.0,389087.0,390217.0,390805.0,391956.0,392825.0,391962.0,390277.0,388802.0,388869.0,388675.0,388283.0,4 bedroom
188,1895,Inyo County,County,CA,CA,6,27,452694.0,453197.0,453845.0,455059.0,457214.0,459937.0,457937.0,455117.0,451896.0,453009.0,453436.0,453154.0,4 bedroom
2403,1911,Mariposa County,County,CA,CA,6,43,412818.0,413061.0,414115.0,414742.0,416712.0,418458.0,418312.0,417790.0,417006.0,417613.0,417210.0,416803.0,4 bedroom
253,2158,Mono County,County,CA,CA,6,51,842834.0,843544.0,844064.0,845954.0,846932.0,849156.0,850603.0,852683.0,854262.0,856678.0,857883.0,858414.0,4 bedroom
2056,2200,Trinity County,County,CA,CA,6,105,339278.0,338885.0,337868.0,338151.0,338573.0,339682.0,338687.0,338611.0,337985.0,339472.0,340267.0,341122.0,4 bedroom
647,2460,Modoc County,County,CA,CA,6,49,192713.0,193095.0,193419.0,194019.0,194501.0,194617.0,194227.0,193825.0,193280.0,192962.0,192745.0,192272.0,4 bedroom
1391,2957,Sierra County,County,CA,CA,6,91,305708.0,307375.0,307190.0,308090.0,308474.0,308516.0,308413.0,310504.0,314191.0,314720.0,314478.0,312034.0,4 bedroom
828,3098,Alpine County,County,CA,CA,6,3,601413.0,602472.0,601697.0,600900.0,600885.0,601566.0,600125.0,598316.0,596552.0,597449.0,598406.0,598872.0,4 bedroom
3101,0,Los Angeles County,County,CA,CA,6,37,645947.0,642768.0,639895.0,639231.0,643260.0,648833.0,649993.0,649972.0,649965.0,652599.0,654062.0,657017.0,single family
2841,4,San Diego County,County,CA,CA,6,73,611302.0,609034.0,607788.0,611010.0,614147.0,618776.0,622493.0,624499.0,624464.0,623945.0,625568.0,628442.0,single family
1286,5,Orange County,County,CA,CA,6,59,779766.0,777319.0,775241.0,774633.0,777780.0,780863.0,784906.0,785417.0,788540.0,789276.0,790265.0,790621.0,single family
2832,10,Riverside County,County,CA,CA,6,65,397780.0,398675.0,400536.0,401132.0,401310.0,401919.0,403000.0,403762.0,403467.0,404728.0,405501.0,408194.0,single family
3250,11,San Bernardino County,County,CA,CA,6,71,350829.0,351323.0,351949.0,352567.0,355007.0,356955.0,357957.0,358053.0,358334.0,359446.0,360797.0,362209.0,single family
3136,16,Santa Clara County,County,CA,CA,6,85,1215274.0,1192368.0,1174077.0,1170484.0,1167888.0,1163316.0,1153802.0,1146392.0,1149692.0,1152190.0,1158504.0,1165299.0,single family
1510,21,Alameda County,County,CA,CA,6,1,898261.0,892032.0,889361.0,890910.0,893908.0,898723.0,899638.0,896021.0,893206.0,891499.0,889892.0,893048.0,single family
3017,24,Sacramento County,County,CA,CA,6,67,373901.0,373490.0,373084.0,374887.0,378093.0,381687.0,383317.0,383991.0,385175.0,386452.0,388522.0,389801.0,single family
3159,36,Contra Costa County,County,CA,CA,6,13,633609.0,632300.0,631073.0,629913.0,632825.0,634870.0,634496.0,631349.0,626650.0,625890.0,626813.0,630237.0,single family
1018,45,Fresno County,County,CA,CA,6,19,265482.0,266090.0,267084.0,267589.0,267811.0,269148.0,270022.0,270969.0,270709.0,271753.0,272437.0,273492.0,single family
204,61,Kern County,County,CA,CA,6,29,223720.0,224939.0,225303.0,225140.0,226027.0,227633.0,228664.0,229456.0,229849.0,230494.0,231476.0,232414.0,single family
2061,62,Ventura County,County,CA,CA,6,111,623198.0,622507.0,623352.0,626734.0,628341.0,629095.0,628378.0,628255.0,627518.0,628534.0,629075.0,631815.0,single family
3227,65,San Francisco County,County,CA,CA,6,75,1482496.0,1478992.0,1475554.0,1467757.0,1473147.0,1476841.0,1484022.0,1478107.0,1473967.0,1478105.0,1488114.0,1505300.0,single family
2842,81,San Mateo County,County,CA,CA,6,81,1471275.0,1461827.0,1448485.0,1449214.0,1458120.0,1466832.0,1468534.0,1454495.0,1456020.0,1452467.0,1456678.0,1460412.0,single family
3134,86,San Joaquin County,County,CA,CA,6,77,379086.0,377449.0,379411.0,379409.0,381297.0,383274.0,384619.0,385677.0,384442.0,384021.0,384219.0,386488.0,single family
3033,124,Stanislaus County,County,CA,CA,6,99,324325.0,324829.0,324834.0,327161.0,327313.0,328812.0,328314.0,329435.0,329399.0,331531.0,333742.0,335764.0,single family
1396,136,Sonoma County,County,CA,CA,6,97,656085.0,646008.0,640655.0,639932.0,644968.0,651360.0,654589.0,654754.0,651053.0,650366.0,648203.0,648128.0,single family
1442,145,Tulare County,County,CA,CA,6,107,223909.0,223126.0,222767.0,223128.0,224290.0,224977.0,224643.0,224440.0,225045.0,226821.0,227807.0,228433.0,single family
3229,156,Santa Barbara County,County,CA,CA,6,83,680487.0,681487.0,679760.0,677159.0,675846.0,679985.0,683947.0,686173.0,685646.0,687283.0,689568.0,691299.0,single family
2444,160,Monterey County,County,CA,CA,6,53,602510.0,604611.0,605995.0,607792.0,607228.0,608600.0,608417.0,609557.0,608717.0,609372.0,610544.0,611848.0,single family
1395,161,Solano County,County,CA,CA,6,95,457693.0,456261.0,455412.0,457602.0,458372.0,459509.0,462758.0,465459.0,466219.0,465056.0,463188.0,462810.0,single family
1325,186,Placer County,County,CA,CA,6,61,509226.0,510226.0,510250.0,510288.0,514275.0,517982.0,520496.0,522416.0,523989.0,524024.0,522663.0,522625.0,single family
3261,238,San Luis Obispo County,County,CA,CA,6,79,628199.0,625399.0,626538.0,628609.0,635330.0,637120.0,635220.0,634042.0,634679.0,637149.0,638243.0,638643.0,single family
3025,249,Santa Cruz County,County,CA,CA,6,87,871911.0,871688.0,866506.0,868084.0,867419.0,871430.0,871598.0,866622.0,864397.0,864064.0,865359.0,863473.0,single family
1196,251,Merced County,County,CA,CA,6,47,281048.0,280150.0,279317.0,280548.0,283200.0,285286.0,284937.0,284472.0,284094.0,284895.0,285092.0,285382.0,single family
625,255,Marin County,County,CA,CA,6,41,1285152.0,1280391.0,1278972.0,1275240.0,1278127.0,1278717.0,1274608.0,1265983.0,1258424.0,1257034.0,1261021.0,1266688.0,single family
418,283,Butte County,County,CA,CA,6,7,303086.0,311758.0,317751.0,321977.0,325361.0,329818.0,333046.0,335025.0,335589.0,336486.0,337769.0,337080.0,single family
340,307,Yolo County,County,CA,CA,6,113,461498.0,456255.0,455952.0,459163.0,462726.0,463121.0,463614.0,465168.0,465956.0,463021.0,460516.0,460152.0,single family
2691,338,El Dorado County,County,CA,CA,6,17,475528.0,477350.0,478019.0,476606.0,477184.0,478413.0,480383.0,479658.0,476791.0,475130.0,473036.0,471752.0,single family
1380,348,Shasta County,County,CA,CA,6,89,269559.0,271622.0,273209.0,273944.0,275398.0,278592.0,280783.0,281549.0,281222.0,280911.0,280738.0,280547.0,single family
2354,352,Imperial County,County,CA,CA,6,25,168355.0,167973.0,168396.0,169681.0,170825.0,171943.0,172509.0,171980.0,170271.0,169289.0,169492.0,171037.0,single family
580,407,Kings County,County,CA,CA,6,31,227985.0,228509.0,228945.0,228825.0,229644.0,230682.0,231070.0,230968.0,231154.0,232106.0,233404.0,234954.0,single family
1156,413,Madera County,County,CA,CA,6,39,269509.0,269567.0,269975.0,270506.0,272115.0,273375.0,274291.0,275004.0,276322.0,277334.0,278552.0,280441.0,single family
255,453,Napa County,County,CA,CA,6,55,728130.0,731758.0,731307.0,727822.0,725191.0,724338.0,722845.0,719079.0,716857.0,714808.0,714754.0,713462.0,single family
2351,457,Humboldt County,County,CA,CA,6,23,330474.0,330904.0,331380.0,332546.0,332782.0,333234.0,331587.0,331680.0,331938.0,333056.0,333664.0,333037.0,single family
1261,588,Nevada County,County,CA,CA,6,57,477616.0,476917.0,478712.0,484964.0,489179.0,489741.0,487312.0,483953.0,480641.0,477216.0,475382.0,475808.0,single family
1415,607,Sutter County,County,CA,CA,6,101,323671.0,325288.0,324937.0,324588.0,324999.0,326819.0,328829.0,330823.0,333320.0,335092.0,335587.0,335883.0,single family
2796,645,Mendocino County,County,CA,CA,6,45,442339.0,442968.0,439357.0,437163.0,434235.0,432499.0,429756.0,427095.0,425149.0,424394.0,421001.0,419143.0,single family
346,743,Yuba County,County,CA,CA,6,115,271284.0,273122.0,274277.0,275271.0,276613.0,279457.0,282065.0,284349.0,284560.0,285341.0,286488.0,288606.0,single family
217,808,Lake County,County,CA,CA,6,33,255071.0,255008.0,253999.0,252542.0,251934.0,252505.0,254117.0,255828.0,257269.0,257712.0,257791.0,257581.0,single family
1426,820,Tehama County,County,CA,CA,6,103,219725.0,220385.0,222464.0,225435.0,227851.0,229246.0,229892.0,231182.0,232503.0,233899.0,234810.0,235674.0,single family
2584,904,Tuolumne County,County,CA,CA,6,109,300211.0,301615.0,303329.0,304827.0,305281.0,305340.0,304853.0,303496.0,302204.0,301186.0,300729.0,300474.0,single family
3020,907,San Benito County,County,CA,CA,6,69,647271.0,638119.0,633778.0,637469.0,642423.0,644802.0,646167.0,644397.0,644305.0,640892.0,640517.0,641702.0,single family
2643,1055,Calaveras County,County,CA,CA,6,9,323534.0,325524.0,326835.0,326665.0,326869.0,328336.0,329213.0,329658.0,330250.0,331752.0,332542.0,333023.0,single family
2548,1069,Siskiyou County,County,CA,CA,6,93,212375.0,212637.0,213075.0,213535.0,214107.0,214777.0,214749.0,214671.0,214335.0,214694.0,214735.0,214832.0,single family
829,1214,Amador County,County,CA,CA,6,5,337504.0,337830.0,337851.0,338298.0,338882.0,339430.0,340149.0,340949.0,341950.0,342457.0,342379.0,342150.0,single family
1143,1301,Lassen County,County,CA,CA,6,35,172687.0,172572.0,172334.0,172473.0,172965.0,173541.0,173785.0,173941.0,174302.0,174592.0,174527.0,174302.0,single family
2678,1469,Del Norte County,County,CA,CA,6,15,302026.0,303492.0,304697.0,306041.0,306226.0,306557.0,306938.0,307754.0,310467.0,312052.0,313369.0,313030.0,single family
524,1491,Glenn County,County,CA,CA,6,21,235612.0,236226.0,236622.0,237721.0,238891.0,240218.0,240421.0,240441.0,240419.0,241356.0,241985.0,242305.0,single family
952,1765,Colusa County,County,CA,CA,6,11,239938.0,241350.0,242611.0,243364.0,244260.0,245346.0,244920.0,244073.0,243239.0,244195.0,244755.0,245054.0,single family
1329,1837,Plumas County,County,CA,CA,6,63,276769.0,277395.0,278349.0,278948.0,279801.0,280644.0,280076.0,278965.0,277797.0,278054.0,278085.0,278067.0,single family
188,1895,Inyo County,County,CA,CA,6,27,357298.0,358315.0,359009.0,359963.0,361686.0,364230.0,362298.0,359569.0,356743.0,357733.0,358063.0,357588.0,single family
2403,1911,Mariposa County,County,CA,CA,6,43,297819.0,297876.0,298108.0,298597.0,299626.0,300807.0,300456.0,300114.0,299776.0,300683.0,300799.0,300882.0,single family
253,2158,Mono County,County,CA,CA,6,51,587184.0,587183.0,587192.0,588323.0,589242.0,590880.0,590592.0,591409.0,591669.0,594158.0,594883.0,595402.0,single family
2056,2200,Trinity County,County,CA,CA,6,105,278926.0,278823.0,278641.0,278778.0,279066.0,279770.0,279107.0,278770.0,278310.0,279364.0,279798.0,280055.0,single family
647,2460,Modoc County,County,CA,CA,6,49,136761.0,137003.0,137262.0,137629.0,138045.0,138160.0,137887.0,137209.0,136681.0,136585.0,136564.0,136409.0,single family
1391,2957,Sierra County,County,CA,CA,6,91,250125.0,251715.0,251358.0,251293.0,250956.0,250795.0,250737.0,251751.0,254484.0,254801.0,255320.0,253469.0,single family
828,3098,Alpine County,County,CA,CA,6,3,439978.0,440631.0,440382.0,439992.0,440548.0,440834.0,439001.0,436972.0,435093.0,436224.0,436980.0,437498.0,single family
3101,0,Los Angeles County,County,CA,CA,6,37,460777.0,458867.0,457286.0,456708.0,459074.0,462353.0,462605.0,462069.0,461952.0,463809.0,464694.0,466263.0,1_bedroom.csv
2841,4,San Diego County,County,CA,CA,6,73,338496.0,337287.0,336677.0,338473.0,340080.0,342474.0,344508.0,345592.0,345582.0,345479.0,346435.0,347957.0,1_bedroom.csv
1286,5,Orange County,County,CA,CA,6,59,371800.0,370194.0,368596.0,367901.0,369035.0,370180.0,371328.0,371000.0,372192.0,372436.0,372997.0,373053.0,1_bedroom.csv
2832,10,Riverside County,County,CA,CA,6,65,187150.0,188252.0,189653.0,190561.0,191502.0,192391.0,193537.0,194540.0,195187.0,195985.0,196376.0,197559.0,1_bedroom.csv
3250,11,San Bernardino County,County,CA,CA,6,71,175053.0,175908.0,176837.0,177560.0,179454.0,180887.0,181885.0,182030.0,182433.0,182875.0,183627.0,184029.0,1_bedroom.csv
3136,16,Santa Clara County,County,CA,CA,6,85,598978.0,588176.0,580305.0,578346.0,575688.0,571002.0,563936.0,558605.0,559733.0,560637.0,562950.0,564983.0,1_bedroom.csv
1510,21,Alameda County,County,CA,CA,6,1,498161.0,494710.0,492964.0,493598.0,495044.0,498147.0,499424.0,498153.0,496739.0,495147.0,493786.0,494874.0,1_bedroom.csv
3017,24,Sacramento County,County,CA,CA,6,67,232179.0,231963.0,231879.0,233491.0,235596.0,237497.0,237851.0,238160.0,240103.0,241984.0,243898.0,244223.0,1_bedroom.csv
3159,36,Contra Costa County,County,CA,CA,6,13,480819.0,481281.0,480556.0,477531.0,478478.0,478041.0,475144.0,468679.0,462942.0,462069.0,463084.0,465002.0,1_bedroom.csv
1018,45,Fresno County,County,CA,CA,6,19,138393.0,138634.0,138871.0,139064.0,138806.0,139262.0,140010.0,141249.0,141354.0,141195.0,140404.0,140457.0,1_bedroom.csv
204,61,Kern County,County,CA,CA,6,29,103109.0,103543.0,103863.0,104273.0,105322.0,106907.0,107208.0,106657.0,106175.0,106846.0,108502.0,109627.0,1_bedroom.csv
2061,62,Ventura County,County,CA,CA,6,111,348040.0,347564.0,347541.0,348872.0,349789.0,350451.0,350055.0,349466.0,349119.0,349884.0,350727.0,351878.0,1_bedroom.csv
3227,65,San Francisco County,County,CA,CA,6,75,901406.0,901834.0,901419.0,897222.0,901892.0,905873.0,908881.0,906082.0,905403.0,911407.0,918760.0,929966.0,1_bedroom.csv
2842,81,San Mateo County,County,CA,CA,6,81,681299.0,677583.0,671517.0,670519.0,672192.0,674336.0,673716.0,667532.0,667679.0,664580.0,664284.0,664289.0,1_bedroom.csv
3134,86,San Joaquin County,County,CA,CA,6,77,190835.0,190985.0,192641.0,192273.0,192976.0,193567.0,193910.0,192889.0,192242.0,191737.0,192384.0,193053.0,1_bedroom.csv
3033,124,Stanislaus County,County,CA,CA,6,99,203955.0,204207.0,205385.0,208307.0,211054.0,213767.0,216237.0,219982.0,220901.0,222358.0,222464.0,224081.0,1_bedroom.csv
1396,136,Sonoma County,County,CA,CA,6,97,463919.0,455376.0,449861.0,448766.0,452667.0,457743.0,460033.0,459402.0,455913.0,454482.0,451158.0,449627.0,1_bedroom.csv
1442,145,Tulare County,County,CA,CA,6,107,116396.0,116178.0,115611.0,115989.0,115984.0,116862.0,117259.0,118177.0,119323.0,121272.0,123197.0,124783.0,1_bedroom.csv
3229,156,Santa Barbara County,County,CA,CA,6,83,612276.0,613826.0,612948.0,609653.0,606683.0,608129.0,608184.0,605926.0,601750.0,599730.0,598190.0,595787.0,1_bedroom.csv
2444,160,Monterey County,County,CA,CA,6,53,547304.0,547032.0,547129.0,549378.0,551002.0,552496.0,551862.0,552341.0,551242.0,550831.0,550289.0,550549.0,1_bedroom.csv
1395,161,Solano County,County,CA,CA,6,95,283159.0,282618.0,280822.0,281063.0,280772.0,281082.0,283319.0,285082.0,287027.0,287768.0,287991.0,287731.0,1_bedroom.csv
1325,186,Placer County,County,CA,CA,6,61,330160.0,330528.0,329951.0,330695.0,332712.0,335716.0,338012.0,340517.0,342031.0,341351.0,339333.0,338226.0,1_bedroom.csv
3261,238,San Luis Obispo County,County,CA,CA,6,79,494456.0,492325.0,494087.0,498104.0,504846.0,506880.0,505742.0,506350.0,507337.0,509171.0,509360.0,510802.0,1_bedroom.csv
3025,249,Santa Cruz County,County,CA,CA,6,87,602729.0,602466.0,597444.0,595592.0,594815.0,599241.0,601506.0,594851.0,589447.0,587133.0,587883.0,586179.0,1_bedroom.csv
1196,251,Merced County,County,CA,CA,6,47,186472.0,185162.0,183019.0,182523.0,185703.0,188968.0,190149.0,191135.0,192690.0,194818.0,194960.0,195085.0,1_bedroom.csv
625,255,Marin County,County,CA,CA,6,41,718117.0,714957.0,714726.0,713540.0,715765.0,716777.0,714308.0,706388.0,700268.0,695613.0,696306.0,697094.0,1_bedroom.csv
418,283,Butte County,County,CA,CA,6,7,170183.0,174393.0,177454.0,178721.0,179259.0,180566.0,180354.0,179915.0,179205.0,180398.0,181755.0,182487.0,1_bedroom.csv
340,307,Yolo County,County,CA,CA,6,113,349129.0,345041.0,344856.0,346879.0,349673.0,350550.0,352539.0,355077.0,356264.0,354497.0,353248.0,354306.0,1_bedroom.csv
2691,338,El Dorado County,County,CA,CA,6,17,304403.0,306138.0,306617.0,305818.0,306377.0,307316.0,308530.0,307491.0,304918.0,303049.0,301280.0,299393.0,1_bedroom.csv
1380,348,Shasta County,County,CA,CA,6,89,147860.0,148761.0,149170.0,150408.0,151530.0,153734.0,156906.0,159495.0,160947.0,161179.0,161175.0,161690.0,1_bedroom.csv
2354,352,Imperial County,County,CA,CA,6,25,58442.0,58221.0,58620.0,60003.0,61718.0,63183.0,64348.0,64462.0,64289.0,64453.0,65216.0,66163.0,1_bedroom.csv
580,407,Kings County,County,CA,CA,6,31,106225.0,106306.0,106741.0,108945.0,111367.0,113195.0,113903.0,114671.0,115890.0,118927.0,122113.0,125212.0,1_bedroom.csv
1156,413,Madera County,County,CA,CA,6,39,182697.0,184523.0,186066.0,185598.0,185457.0,186165.0,188617.0,191225.0,194434.0,197018.0,198695.0,200922.0,1_bedroom.csv
255,453,Napa County,County,CA,CA,6,55,571773.0,573757.0,571407.0,566798.0,564801.0,563812.0,559718.0,555701.0,554345.0,556943.0,559975.0,561410.0,1_bedroom.csv
2351,457,Humboldt County,County,CA,CA,6,23,270676.0,271668.0,271697.0,272397.0,270823.0,269637.0,265269.0,264545.0,264904.0,267453.0,268195.0,267674.0,1_bedroom.csv
1261,588,Nevada County,County,CA,CA,6,57,308470.0,308416.0,311683.0,318078.0,321432.0,322045.0,320701.0,318786.0,315874.0,311864.0,308987.0,308278.0,1_bedroom.csv
2796,645,Mendocino County,County,CA,CA,6,45,421961.0,422802.0,419918.0,417912.0,415025.0,413774.0,411587.0,409025.0,406545.0,404779.0,400698.0,398582.0,1_bedroom.csv
346,743,Yuba County,County,CA,CA,6,115,171335.0,172716.0,173593.0,174453.0,176833.0,180641.0,183536.0,184925.0,185753.0,186228.0,187278.0,189189.0,1_bedroom.csv
217,808,Lake County,County,CA,CA,6,33,145529.0,146721.0,147615.0,148635.0,148898.0,149005.0,150586.0,154695.0,158022.0,159223.0,158352.0,156766.0,1_bedroom.csv
1426,820,Tehama County,County,CA,CA,6,103,109629.0,110523.0,112072.0,113994.0,115348.0,115685.0,116172.0,117803.0,119886.0,120934.0,121087.0,121223.0,1_bedroom.csv
2584,904,Tuolumne County,County,CA,CA,6,109,184531.0,186159.0,187635.0,188332.0,188474.0,188433.0,187177.0,185488.0,183789.0,183208.0,182999.0,182711.0,1_bedroom.csv
3020,907,San Benito County,County,CA,CA,6,69,564431.0,559072.0,553416.0,560585.0,568630.0,574828.0,575876.0,571628.0,569385.0,565849.0,566990.0,567562.0,1_bedroom.csv
2643,1055,Calaveras County,County,CA,CA,6,9,204062.0,206882.0,209241.0,208561.0,208441.0,209457.0,210001.0,209053.0,208218.0,208727.0,209709.0,210956.0,1_bedroom.csv
2548,1069,Siskiyou County,County,CA,CA,6,93,147184.0,147708.0,148261.0,148725.0,149250.0,149597.0,149550.0,149149.0,148861.0,148895.0,149030.0,149178.0,1_bedroom.csv
829,1214,Amador County,County,CA,CA,6,5,202089.0,202057.0,201550.0,201748.0,202800.0,204182.0,204623.0,203904.0,203588.0,203168.0,203240.0,202342.0,1_bedroom.csv
1143,1301,Lassen County,County,CA,CA,6,35,80717.0,80534.0,80190.0,79946.0,80263.0,80724.0,81140.0,81232.0,81566.0,81489.0,81123.0,80749.0,1_bedroom.csv
2678,1469,Del Norte County,County,CA,CA,6,15,128764.0,129586.0,130256.0,131355.0,131659.0,132236.0,132728.0,133315.0,133647.0,134479.0,135260.0,136181.0,1_bedroom.csv
524,1491,Glenn County,County,CA,CA,6,21,134061.0,134320.0,134360.0,134154.0,134267.0,134708.0,133909.0,132903.0,132162.0,132611.0,133038.0,133102.0,1_bedroom.csv
952,1765,Colusa County,County,CA,CA,6,11,114766.0,116728.0,118588.0,120062.0,121416.0,122738.0,123402.0,123778.0,124074.0,124368.0,124350.0,124273.0,1_bedroom.csv
1329,1837,Plumas County,County,CA,CA,6,63,175087.0,176161.0,177254.0,177357.0,177768.0,178288.0,177983.0,177357.0,176368.0,176600.0,176661.0,176920.0,1_bedroom.csv
188,1895,Inyo County,County,CA,CA,6,27,190455.0,190765.0,191379.0,192915.0,194233.0,195288.0,196028.0,196920.0,198167.0,198917.0,199695.0,199950.0,1_bedroom.csv
2403,1911,Mariposa County,County,CA,CA,6,43,201993.0,201765.0,201502.0,201948.0,202688.0,203911.0,203945.0,204233.0,204181.0,204970.0,204923.0,205043.0,1_bedroom.csv
253,2158,Mono County,County,CA,CA,6,51,307331.0,308117.0,308960.0,309933.0,310914.0,311773.0,311151.0,310439.0,309987.0,310880.0,311188.0,311328.0,1_bedroom.csv
2056,2200,Trinity County,County,CA,CA,6,105,216646.0,216094.0,215618.0,215843.0,216521.0,217410.0,217415.0,217547.0,217409.0,218122.0,217971.0,217909.0,1_bedroom.csv
647,2460,Modoc County,County,CA,CA,6,49,70459.0,70606.0,70550.0,70548.0,70596.0,70848.0,70925.0,70841.0,70796.0,71021.0,71146.0,71189.0,1_bedroom.csv
828,3098,Alpine County,County,CA,CA,6,3,260039.0,261108.0,261915.0,262187.0,262592.0,262398.0,264020.0,265232.0,265973.0,265965.0,266172.0,266774.0,1_bedroom.csv
3101,0,Los Angeles County,County,CA,CA,6,37,548792.0,546229.0,543735.0,543318.0,546649.0,551203.0,551902.0,551467.0,551378.0,553820.0,555435.0,558112.0,2_bedroom.csv
2841,4,San Diego County,County,CA,CA,6,73,455780.0,454048.0,453148.0,455442.0,457460.0,460447.0,462946.0,464286.0,463954.0,463283.0,464106.0,465958.0,2_bedroom.csv
1286,5,Orange County,County,CA,CA,6,59,528360.0,526416.0,524611.0,523754.0,525444.0,526728.0,528685.0,528328.0,530160.0,530253.0,530678.0,530475.0,2_bedroom.csv
2832,10,Riverside County,County,CA,CA,6,65,273382.0,274478.0,276194.0,276915.0,277306.0,277852.0,279044.0,279874.0,280052.0,280636.0,280981.0,282516.0,2_bedroom.csv
3250,11,San Bernardino County,County,CA,CA,6,71,249925.0,250455.0,251097.0,251696.0,253758.0,255355.0,256326.0,256431.0,256792.0,257560.0,258605.0,259692.0,2_bedroom.csv
3136,16,Santa Clara County,County,CA,CA,6,85,814242.0,799680.0,788835.0,786406.0,783183.0,778230.0,769727.0,763322.0,764257.0,765520.0,769453.0,773309.0,2_bedroom.csv
1510,21,Alameda County,County,CA,CA,6,1,645987.0,641661.0,639650.0,640677.0,642814.0,646550.0,647504.0,645084.0,643075.0,641508.0,640143.0,641886.0,2_bedroom.csv
3017,24,Sacramento County,County,CA,CA,6,67,280291.0,280103.0,279877.0,281528.0,284456.0,287564.0,288759.0,289186.0,290070.0,291493.0,293297.0,294384.0,2_bedroom.csv
3159,36,Contra Costa County,County,CA,CA,6,13,531991.0,530595.0,528786.0,527694.0,529866.0,531044.0,528268.0,522491.0,516455.0,515695.0,517224.0,519810.0,2_bedroom.csv
1018,45,Fresno County,County,CA,CA,6,19,165561.0,166149.0,167401.0,168228.0,168958.0,170139.0,171328.0,172376.0,172183.0,172513.0,172810.0,173629.0,2_bedroom.csv
204,61,Kern County,County,CA,CA,6,29,135112.0,135954.0,136383.0,136680.0,137547.0,138879.0,139090.0,139153.0,139355.0,140450.0,141721.0,142591.0,2_bedroom.csv
2061,62,Ventura County,County,CA,CA,6,111,423090.0,422541.0,423279.0,425539.0,427015.0,427451.0,426434.0,425866.0,425439.0,426829.0,427795.0,430082.0,2_bedroom.csv
3227,65,San Francisco County,County,CA,CA,6,75,1340698.0,1338995.0,1335699.0,1327711.0,1332666.0,1336475.0,1342991.0,1338954.0,1338494.0,1344807.0,1355300.0,1370073.0,2_bedroom.csv
2842,81,San Mateo County,County,CA,CA,6,81,1099027.0,1090555.0,1079648.0,1079714.0,1085157.0,1091347.0,1091546.0,1081397.0,1082306.0,1079354.0,1081972.0,1084916.0,2_bedroom.csv
3134,86,San Joaquin County,County,CA,CA,6,77,241981.0,241178.0,242497.0,242689.0,243978.0,245522.0,246514.0,247571.0,246765.0,246654.0,246764.0,248433.0,2_bedroom.csv
3033,124,Stanislaus County,County,CA,CA,6,99,234373.0,234730.0,234932.0,236941.0,237366.0,238521.0,237884.0,238567.0,238290.0,240211.0,242248.0,244388.0,2_bedroom.csv
1396,136,Sonoma County,County,CA,CA,6,97,551330.0,542605.0,537938.0,536959.0,540636.0,544571.0,545517.0,544726.0,541089.0,540823.0,538691.0,538610.0,2_bedroom.csv
1442,145,Tulare County,County,CA,CA,6,107,145716.0,145205.0,145395.0,146416.0,147915.0,148958.0,149196.0,149576.0,150645.0,152334.0,153485.0,154298.0,2_bedroom.csv
3229,156,Santa Barbara County,County,CA,CA,6,83,660183.0,660770.0,658767.0,655584.0,653837.0,657449.0,659631.0,660853.0,659465.0,661124.0,662754.0,663485.0,2_bedroom.csv
2444,160,Monterey County,County,CA,CA,6,53,585738.0,586746.0,587555.0,588269.0,587184.0,587392.0,585395.0,584932.0,582564.0,583576.0,584423.0,586050.0,2_bedroom.csv
1395,161,Solano County,County,CA,CA,6,95,360743.0,359689.0,359066.0,360900.0,361520.0,362495.0,364799.0,366827.0,367016.0,366140.0,364698.0,364700.0,2_bedroom.csv
1325,186,Placer County,County,CA,CA,6,61,418319.0,418669.0,418281.0,418084.0,420755.0,423578.0,425829.0,428297.0,430188.0,430369.0,428750.0,428568.0,2_bedroom.csv
3261,238,San Luis Obispo County,County,CA,CA,6,79,519793.0,517241.0,518586.0,521662.0,527763.0,529720.0,528317.0,528615.0,530354.0,533326.0,534347.0,534878.0,2_bedroom.csv
3025,249,Santa Cruz County,County,CA,CA,6,87,697991.0,697485.0,693726.0,695813.0,695243.0,698401.0,698453.0,695232.0,694564.0,695232.0,696577.0,695253.0,2_bedroom.csv
1196,251,Merced County,County,CA,CA,6,47,193988.0,193934.0,193801.0,194512.0,196848.0,198823.0,198893.0,198874.0,198708.0,199699.0,200064.0,200749.0,2_bedroom.csv
625,255,Marin County,County,CA,CA,6,41,869772.0,866363.0,867463.0,868072.0,872252.0,873754.0,870834.0,865478.0,860405.0,858966.0,860997.0,864669.0,2_bedroom.csv
418,283,Butte County,County,CA,CA,6,7,204741.0,210720.0,214658.0,217909.0,220143.0,223242.0,225080.0,226185.0,226430.0,227707.0,229361.0,229209.0,2_bedroom.csv
340,307,Yolo County,County,CA,CA,6,113,337973.0,334033.0,334049.0,336961.0,339778.0,340239.0,340941.0,342688.0,343892.0,342034.0,340770.0,341347.0,2_bedroom.csv
2691,338,El Dorado County,County,CA,CA,6,17,335872.0,337291.0,337563.0,336787.0,337338.0,338541.0,340743.0,341113.0,339537.0,338051.0,336189.0,334962.0,2_bedroom.csv
1380,348,Shasta County,County,CA,CA,6,89,176319.0,177114.0,177994.0,178855.0,180507.0,183045.0,184059.0,184073.0,183584.0,183694.0,183653.0,183768.0,2_bedroom.csv
2354,352,Imperial County,County,CA,CA,6,25,118868.0,119003.0,119031.0,120628.0,122373.0,124871.0,125531.0,125383.0,124753.0,125222.0,126079.0,127371.0,2_bedroom.csv
580,407,Kings County,County,CA,CA,6,31,145091.0,145165.0,145341.0,145759.0,147516.0,149556.0,150532.0,150844.0,151364.0,152986.0,154441.0,156013.0,2_bedroom.csv
1156,413,Madera County,County,CA,CA,6,39,189328.0,189425.0,189798.0,189893.0,190953.0,191331.0,191339.0,191300.0,192960.0,194815.0,196833.0,198692.0,2_bedroom.csv
255,453,Napa County,County,CA,CA,6,55,639840.0,642611.0,641064.0,638494.0,637496.0,639003.0,637170.0,633783.0,631210.0,630614.0,631137.0,630043.0,2_bedroom.csv
2351,457,Humboldt County,County,CA,CA,6,23,280244.0,281255.0,281546.0,282276.0,281812.0,282102.0,279040.0,279271.0,279219.0,281896.0,282721.0,282691.0,2_bedroom.csv
1261,588,Nevada County,County,CA,CA,6,57,366549.0,366367.0,369170.0,374842.0,379288.0,380078.0,378571.0,375957.0,373676.0,371102.0,369803.0,370399.0,2_bedroom.csv
2796,645,Mendocino County,County,CA,CA,6,45,336858.0,337233.0,334091.0,332043.0,329553.0,328168.0,326120.0,323931.0,322912.0,322518.0,320362.0,318754.0,2_bedroom.csv
346,743,Yuba County,County,CA,CA,6,115,180937.0,181943.0,183111.0,183901.0,185519.0,188325.0,189728.0,190608.0,190500.0,192271.0,194249.0,197094.0,2_bedroom.csv
217,808,Lake County,County,CA,CA,6,33,206742.0,206721.0,206316.0,205184.0,204470.0,204541.0,206201.0,208232.0,209940.0,210752.0,211303.0,212009.0,2_bedroom.csv
1426,820,Tehama County,County,CA,CA,6,103,145221.0,145913.0,147583.0,149961.0,151720.0,152782.0,152697.0,153631.0,154447.0,155882.0,156634.0,157506.0,2_bedroom.csv
2584,904,Tuolumne County,County,CA,CA,6,109,241735.0,242674.0,243778.0,244759.0,244892.0,244759.0,243431.0,241151.0,239840.0,239556.0,239900.0,239471.0,2_bedroom.csv
3020,907,San Benito County,County,CA,CA,6,69,537739.0,531452.0,528778.0,532808.0,538010.0,540751.0,540041.0,535834.0,533206.0,529242.0,528581.0,528544.0,2_bedroom.csv
2643,1055,Calaveras County,County,CA,CA,6,9,270349.0,272407.0,274452.0,274673.0,274849.0,276381.0,276021.0,275287.0,273905.0,275816.0,277422.0,279030.0,2_bedroom.csv
2548,1069,Siskiyou County,County,CA,CA,6,93,160333.0,160597.0,160837.0,161152.0,161566.0,162134.0,162001.0,161787.0,161410.0,161634.0,161769.0,161944.0,2_bedroom.csv
829,1214,Amador County,County,CA,CA,6,5,273668.0,274025.0,274078.0,274381.0,274998.0,275737.0,276224.0,276580.0,277025.0,277239.0,277002.0,276566.0,2_bedroom.csv
1143,1301,Lassen County,County,CA,CA,6,35,115341.0,115509.0,115290.0,115255.0,115429.0,115978.0,116145.0,116314.0,116603.0,116959.0,117004.0,116700.0,2_bedroom.csv
2678,1469,Del Norte County,County,CA,CA,6,15,171327.0,171836.0,172299.0,172723.0,172582.0,172599.0,173046.0,173825.0,174577.0,174819.0,174893.0,174776.0,2_bedroom.csv
524,1491,Glenn County,County,CA,CA,6,21,178980.0,179456.0,179546.0,179856.0,180259.0,181077.0,180420.0,179401.0,178402.0,178750.0,179398.0,179661.0,2_bedroom.csv
952,1765,Colusa County,County,CA,CA,6,11,168907.0,169977.0,170999.0,172012.0,172944.0,173854.0,174149.0,174018.0,173835.0,174213.0,174528.0,174658.0,2_bedroom.csv
1329,1837,Plumas County,County,CA,CA,6,63,228936.0,229348.0,230133.0,230603.0,231283.0,232088.0,231856.0,231206.0,230470.0,230797.0,230877.0,230988.0,2_bedroom.csv
188,1895,Inyo County,County,CA,CA,6,27,264212.0,263870.0,263616.0,264602.0,265551.0,267076.0,265597.0,263877.0,261946.0,262846.0,263714.0,264273.0,2_bedroom.csv
2403,1911,Mariposa County,County,CA,CA,6,43,241005.0,240722.0,240509.0,240811.0,241739.0,242854.0,242694.0,242455.0,242117.0,242934.0,243064.0,243332.0,2_bedroom.csv
253,2158,Mono County,County,CA,CA,6,51,435810.0,436401.0,437016.0,438419.0,439930.0,441515.0,441496.0,441359.0,441314.0,442757.0,443719.0,444342.0,2_bedroom.csv
2056,2200,Trinity County,County,CA,CA,6,105,251685.0,251798.0,251766.0,251749.0,251800.0,252297.0,251593.0,251361.0,250998.0,251967.0,252161.0,251971.0,2_bedroom.csv
647,2460,Modoc County,County,CA,CA,6,49,90414.0,90463.0,90412.0,90487.0,90798.0,91001.0,91011.0,90656.0,90541.0,90545.0,90571.0,90484.0,2_bedroom.csv
1391,2957,Sierra County,County,CA,CA,6,91,216955.0,218452.0,218275.0,218430.0,218073.0,218035.0,218029.0,219086.0,221524.0,222183.0,223166.0,222145.0,2_bedroom.csv
828,3098,Alpine County,County,CA,CA,6,3,347053.0,348356.0,348574.0,348798.0,349380.0,350049.0,349937.0,349233.0,348459.0,349284.0,349950.0,350713.0,2_bedroom.csv
3101,0,Los Angeles County,County,CA,CA,6,37,537010.0,534719.0,532428.0,531642.0,534316.0,538269.0,538818.0,538373.0,538224.0,540206.0,541236.0,543332.0,condo
2841,4,San Diego County,County,CA,CA,6,73,446153.0,444201.0,443059.0,445186.0,446860.0,449732.0,451782.0,452858.0,452403.0,452023.0,453056.0,454983.0,condo
1286,5,Orange County,County,CA,CA,6,59,527493.0,525591.0,523769.0,522752.0,524093.0,525146.0,526878.0,526391.0,527992.0,527960.0,528253.0,528016.0,condo
2832,10,Riverside County,County,CA,CA,6,65,287930.0,289080.0,290911.0,291795.0,292374.0,293073.0,294243.0,294951.0,294951.0,295837.0,296477.0,298457.0,condo
3250,11,San Bernardino County,County,CA,CA,6,71,334434.0,334399.0,334428.0,334512.0,336351.0,337789.0,338115.0,337446.0,337070.0,337698.0,338662.0,339540.0,condo
3136,16,Santa Clara County,County,CA,CA,6,85,769016.0,755215.0,744437.0,742004.0,738961.0,734014.0,726242.0,720081.0,720987.0,721339.0,724510.0,727734.0,condo
1510,21,Alameda County,County,CA,CA,6,1,649504.0,644334.0,641479.0,641569.0,642871.0,645605.0,645764.0,642617.0,640273.0,638684.0,637027.0,638224.0,condo
3017,24,Sacramento County,County,CA,CA,6,67,257304.0,257305.0,257177.0,258444.0,260758.0,263007.0,263630.0,263642.0,264686.0,265797.0,267383.0,268187.0,condo
3159,36,Contra Costa County,County,CA,CA,6,13,665405.0,663585.0,661457.0,660133.0,663148.0,664864.0,663002.0,656600.0,649220.0,647166.0,649249.0,653555.0,condo
1018,45,Fresno County,County,CA,CA,6,19,166639.0,167715.0,169008.0,169976.0,170042.0,170794.0,171463.0,172400.0,172425.0,172937.0,173364.0,174130.0,condo
204,61,Kern County,County,CA,CA,6,29,138729.0,139314.0,139848.0,140294.0,141490.0,142880.0,143334.0,143583.0,143692.0,144377.0,145243.0,146240.0,condo
2061,62,Ventura County,County,CA,CA,6,111,424912.0,424141.0,424572.0,426580.0,427938.0,428170.0,427869.0,428180.0,428614.0,429820.0,430393.0,432276.0,condo
3227,65,San Francisco County,County,CA,CA,6,75,1221034.0,1222690.0,1222102.0,1214571.0,1219444.0,1223737.0,1229469.0,1226204.0,1226237.0,1232649.0,1241994.0,1254591.0,condo
2842,81,San Mateo County,County,CA,CA,6,81,886427.0,880765.0,873152.0,874038.0,878624.0,882081.0,881581.0,873163.0,874511.0,871701.0,872077.0,872017.0,condo
3134,86,San Joaquin County,County,CA,CA,6,77,205062.0,204484.0,205749.0,205982.0,206893.0,208214.0,208946.0,209678.0,209224.0,209078.0,209392.0,210514.0,condo
3033,124,Stanislaus County,County,CA,CA,6,99,214169.0,214129.0,213699.0,215424.0,215474.0,216167.0,215253.0,215218.0,214655.0,216053.0,217802.0,219092.0,condo
1396,136,Sonoma County,County,CA,CA,6,97,431302.0,424520.0,420191.0,418713.0,420345.0,423162.0,424807.0,424560.0,421497.0,420177.0,418374.0,418092.0,condo
1442,145,Tulare County,County,CA,CA,6,107,175545.0,173488.0,171950.0,172357.0,173601.0,174634.0,174954.0,175045.0,175333.0,176560.0,177410.0,178085.0,condo
3229,156,Santa Barbara County,County,CA,CA,6,83,584360.0,584980.0,583385.0,580379.0,578478.0,580879.0,582458.0,583243.0,582161.0,583367.0,584445.0,584818.0,condo
2444,160,Monterey County,County,CA,CA,6,53,474839.0,475537.0,477217.0,479069.0,478770.0,478222.0,476364.0,475644.0,474079.0,473762.0,473770.0,473543.0,condo
1395,161,Solano County,County,CA,CA,6,95,314846.0,314276.0,313980.0,315799.0,316580.0,317625.0,319337.0,320870.0,321253.0,320376.0,318880.0,318258.0,condo
1325,186,Placer County,County,CA,CA,6,61,372487.0,373231.0,374270.0,374968.0,378249.0,380057.0,381890.0,383418.0,385057.0,384802.0,383769.0,383408.0,condo
3261,238,San Luis Obispo County,County,CA,CA,6,79,463801.0,461683.0,462800.0,464663.0,469524.0,470819.0,469496.0,469663.0,471012.0,474189.0,475446.0,475777.0,condo
3025,249,Santa Cruz County,County,CA,CA,6,87,588214.0,586467.0,581814.0,581688.0,580233.0,581968.0,580843.0,576047.0,574408.0,575195.0,577237.0,577128.0,condo
1196,251,Merced County,County,CA,CA,6,47,293542.0,290940.0,288006.0,287732.0,290947.0,294921.0,296812.0,297198.0,295193.0,293405.0,290790.0,289238.0,condo
625,255,Marin County,County,CA,CA,6,41,684918.0,682776.0,681941.0,679667.0,679776.0,678499.0,675235.0,669061.0,664176.0,662382.0,664098.0,666541.0,condo
418,283,Butte County,County,CA,CA,6,7,192194.0,195976.0,199353.0,201495.0,203934.0,207224.0,210289.0,211971.0,212776.0,213594.0,214901.0,215873.0,condo
340,307,Yolo County,County,CA,CA,6,113,366427.0,361773.0,360924.0,363514.0,366133.0,366319.0,366005.0,366894.0,367445.0,365381.0,363430.0,363282.0,condo
2691,338,El Dorado County,County,CA,CA,6,17,306532.0,308227.0,310058.0,310502.0,312837.0,314772.0,317424.0,318064.0,317682.0,317974.0,317771.0,317827.0,condo
1380,348,Shasta County,County,CA,CA,6,89,206012.0,207477.0,209097.0,210347.0,212098.0,214953.0,216744.0,217456.0,216938.0,216397.0,215713.0,214915.0,condo
2354,352,Imperial County,County,CA,CA,6,25,178468.0,177724.0,177174.0,176888.0,177458.0,179536.0,182386.0,184150.0,183148.0,182311.0,182505.0,184926.0,condo
580,407,Kings County,County,CA,CA,6,31,210716.0,211981.0,212592.0,212890.0,213423.0,213769.0,212325.0,212428.0,213029.0,215248.0,215949.0,217353.0,condo
1156,413,Madera County,County,CA,CA,6,39,224384.0,225090.0,226331.0,227961.0,230618.0,233568.0,236049.0,236779.0,237276.0,237718.0,239582.0,241864.0,condo
255,453,Napa County,County,CA,CA,6,55,568071.0,570528.0,569070.0,565421.0,561718.0,559708.0,558680.0,556707.0,556742.0,557196.0,558791.0,558443.0,condo
2351,457,Humboldt County,County,CA,CA,6,23,295375.0,299542.0,303115.0,304423.0,302823.0,303459.0,301881.0,302323.0,302783.0,304043.0,304023.0,302304.0,condo
1261,588,Nevada County,County,CA,CA,6,57,411540.0,409985.0,412138.0,417705.0,421474.0,421610.0,420419.0,417749.0,416208.0,413152.0,412166.0,412235.0,condo
2796,645,Mendocino County,County,CA,CA,6,45,286153.0,286573.0,284836.0,283973.0,282873.0,281754.0,279904.0,277578.0,276045.0,274878.0,272512.0,270445.0,condo
346,743,Yuba County,County,CA,CA,6,115,140998.0,140532.0,139205.0,137200.0,138330.0,140113.0,143354.0,143973.0,144879.0,143586.0,143369.0,142864.0,condo
217,808,Lake County,County,CA,CA,6,33,235983.0,235850.0,236230.0,233874.0,233661.0,232825.0,235817.0,236685.0,237559.0,238727.0,242712.0,246288.0,condo
1426,820,Tehama County,County,CA,CA,6,103,103381.0,103688.0,104935.0,107321.0,109394.0,111189.0,112143.0,112803.0,113615.0,114708.0,116602.0,118626.0,condo
2584,904,Tuolumne County,County,CA,CA,6,109,234957.0,236202.0,237296.0,238088.0,238476.0,238250.0,236668.0,233661.0,230847.0,229691.0,229584.0,229814.0,condo
3020,907,San Benito County,County,CA,CA,6,69,541952.0,543591.0,547010.0,553834.0,562392.0,565848.0,563057.0,556553.0,556597.0,553743.0,552686.0,548830.0,condo
2643,1055,Calaveras County,County,CA,CA,6,9,249152.0,250242.0,249544.0,249018.0,249355.0,250260.0,250599.0,249648.0,250254.0,253096.0,257147.0,260312.0,condo
2548,1069,Siskiyou County,County,CA,CA,6,93,153282.0,152518.0,151964.0,152072.0,152646.0,153881.0,155059.0,156267.0,156556.0,156793.0,156373.0,156563.0,condo
829,1214,Amador County,County,CA,CA,6,5,213774.0,213825.0,213827.0,214977.0,216099.0,217234.0,217850.0,217662.0,217892.0,217594.0,217903.0,217841.0,condo
1329,1837,Plumas County,County,CA,CA,6,63,280840.0,281296.0,281857.0,282395.0,283263.0,284028.0,284568.0,284619.0,284881.0,285413.0,285948.0,286348.0,condo
188,1895,Inyo County,County,CA,CA,6,27,296949.0,295256.0,293031.0,293117.0,295714.0,298713.0,300811.0,302772.0,303247.0,304691.0,304666.0,304252.0,condo
2403,1911,Mariposa County,County,CA,CA,6,43,242325.0,242528.0,242246.0,242836.0,243508.0,244684.0,244172.0,243803.0,243376.0,244490.0,245153.0,245339.0,condo
253,2158,Mono County,County,CA,CA,6,51,412850.0,413657.0,414465.0,415757.0,417143.0,418503.0,418381.0,418070.0,417946.0,419187.0,419929.0,420410.0,condo
828,3098,Alpine County,County,CA,CA,6,3,437052.0,438255.0,439001.0,439502.0,440285.0,440918.0,441253.0,440888.0,440532.0,440755.0,440719.0,440727.0,condo
3101,0,Los Angeles County,County,CA,CA,6,37,1144801.0,1139798.0,1135815.0,1134660.0,1141655.0,1150789.0,1151212.0,1149002.0,1147038.0,1150766.0,1152418.0,1156430.0,5 bedroom
2841,4,San Diego County,County,CA,CA,6,73,951392.0,947332.0,944753.0,949257.0,953460.0,960439.0,966828.0,970409.0,970520.0,969411.0,971628.0,975766.0,5 bedroom
1286,5,Orange County,County,CA,CA,6,59,1180080.0,1176592.0,1173737.0,1172369.0,1176370.0,1180093.0,1186384.0,1186683.0,1189892.0,1188477.0,1187523.0,1185890.0,5 bedroom
2832,10,Riverside County,County,CA,CA,6,65,536615.0,537479.0,539464.0,539876.0,539671.0,539994.0,540911.0,541448.0,540681.0,541916.0,542533.0,545578.0,5 bedroom
3250,11,San Bernardino County,County,CA,CA,6,71,537841.0,537976.0,538207.0,538499.0,541458.0,543850.0,545055.0,544805.0,544674.0,545789.0,547437.0,549048.0,5 bedroom
3136,16,Santa Clara County,County,CA,CA,6,85,1866772.0,1832563.0,1807776.0,1805982.0,1818494.0,1825494.0,1821602.0,1807798.0,1808875.0,1809718.0,1815711.0,1823167.0,5 bedroom
1510,21,Alameda County,County,CA,CA,6,1,1389614.0,1380537.0,1378282.0,1384322.0,1393947.0,1405287.0,1412381.0,1409937.0,1407706.0,1404483.0,1402036.0,1407293.0,5 bedroom
3017,24,Sacramento County,County,CA,CA,6,67,534567.0,533645.0,532935.0,535216.0,539560.0,544717.0,546823.0,547650.0,548927.0,550308.0,552527.0,553828.0,5 bedroom
3159,36,Contra Costa County,County,CA,CA,6,13,781495.0,779720.0,779085.0,778001.0,781853.0,784310.0,783784.0,780192.0,774368.0,772892.0,773482.0,777928.0,5 bedroom
1018,45,Fresno County,County,CA,CA,6,19,446053.0,446600.0,447679.0,448322.0,448495.0,450648.0,451935.0,453398.0,452747.0,454015.0,454597.0,455771.0,5 bedroom
204,61,Kern County,County,CA,CA,6,29,355793.0,357662.0,358241.0,357821.0,359123.0,361440.0,362623.0,363296.0,363735.0,364595.0,365953.0,366950.0,5 bedroom
2061,62,Ventura County,County,CA,CA,6,111,877533.0,875914.0,875995.0,880211.0,882839.0,884357.0,883032.0,882285.0,881393.0,882528.0,882854.0,885590.0,5 bedroom
3227,65,San Francisco County,County,CA,CA,6,75,2492071.0,2506458.0,2522335.0,2521436.0,2541040.0,2556377.0,2569700.0,2561677.0,2566474.0,2592078.0,2630023.0,2672214.0,5 bedroom
2842,81,San Mateo County,County,CA,CA,6,81,2664261.0,2651420.0,2633492.0,2638168.0,2655640.0,2673585.0,2679801.0,2659608.0,2669050.0,2670801.0,2684950.0,2692970.0,5 bedroom
3134,86,San Joaquin County,County,CA,CA,6,77,529239.0,527191.0,530152.0,529967.0,532255.0,534473.0,535963.0,536839.0,534527.0,533410.0,533231.0,535905.0,5 bedroom
3033,124,Stanislaus County,County,CA,CA,6,99,444820.0,445576.0,444961.0,447281.0,446954.0,448384.0,447474.0,448605.0,448840.0,451640.0,454275.0,456029.0,5 bedroom
1396,136,Sonoma County,County,CA,CA,6,97,922780.0,908850.0,901650.0,900060.0,908799.0,918770.0,922095.0,920361.0,912612.0,911961.0,907699.0,906849.0,5 bedroom
1442,145,Tulare County,County,CA,CA,6,107,386925.0,385809.0,385302.0,385828.0,386981.0,387540.0,386212.0,385226.0,385630.0,388297.0,389804.0,390846.0,5 bedroom
3229,156,Santa Barbara County,County,CA,CA,6,83,1281178.0,1282164.0,1278151.0,1271105.0,1268013.0,1276426.0,1284686.0,1290376.0,1290322.0,1294535.0,1297337.0,1299812.0,5 bedroom
2444,160,Monterey County,County,CA,CA,6,53,679556.0,682090.0,684012.0,686387.0,686515.0,688902.0,688678.0,689800.0,688199.0,688439.0,689052.0,689627.0,5 bedroom
1395,161,Solano County,County,CA,CA,6,95,623279.0,620707.0,618872.0,621551.0,622252.0,623635.0,627509.0,630342.0,630362.0,628311.0,625271.0,624183.0,5 bedroom
1325,186,Placer County,County,CA,CA,6,61,666322.0,666676.0,666754.0,667572.0,674435.0,680069.0,683027.0,684307.0,685689.0,685621.0,684559.0,685024.0,5 bedroom
3261,238,San Luis Obispo County,County,CA,CA,6,79,985410.0,982707.0,985504.0,988524.0,998773.0,1001904.0,997082.0,994111.0,993637.0,997245.0,998454.0,998281.0,5 bedroom
3025,249,Santa Cruz County,County,CA,CA,6,87,1392222.0,1395594.0,1391773.0,1394106.0,1392637.0,1396637.0,1396815.0,1389668.0,1387762.0,1388232.0,1389525.0,1387868.0,5 bedroom
1196,251,Merced County,County,CA,CA,6,47,397134.0,395359.0,393598.0,395490.0,399930.0,403273.0,403166.0,401519.0,400155.0,399800.0,399408.0,398935.0,5 bedroom
625,255,Marin County,County,CA,CA,6,41,2175001.0,2167557.0,2168302.0,2165494.0,2171844.0,2172883.0,2159000.0,2134647.0,2113776.0,2112070.0,2119774.0,2126829.0,5 bedroom
418,283,Butte County,County,CA,CA,6,7,465848.0,477962.0,485772.0,491067.0,496080.0,501769.0,505468.0,507853.0,508975.0,510838.0,512329.0,510524.0,5 bedroom
340,307,Yolo County,County,CA,CA,6,113,626669.0,619089.0,618099.0,622344.0,626222.0,625923.0,625479.0,627865.0,629362.0,626106.0,622690.0,622043.0,5 bedroom
2691,338,El Dorado County,County,CA,CA,6,17,798214.0,802477.0,805444.0,805505.0,808301.0,811256.0,814002.0,812557.0,808045.0,806024.0,803077.0,801588.0,5 bedroom
1380,348,Shasta County,County,CA,CA,6,89,463987.0,466672.0,468985.0,470578.0,474143.0,479990.0,483343.0,484491.0,483374.0,482427.0,480674.0,479230.0,5 bedroom
2354,352,Imperial County,County,CA,CA,6,25,319711.0,318980.0,319166.0,320513.0,322855.0,326156.0,327539.0,327461.0,325533.0,325275.0,326271.0,330125.0,5 bedroom
580,407,Kings County,County,CA,CA,6,31,344255.0,344938.0,345804.0,345987.0,347202.0,348864.0,349692.0,349661.0,349760.0,350572.0,352179.0,354503.0,5 bedroom
1156,413,Madera County,County,CA,CA,6,39,377819.0,378426.0,379741.0,381441.0,384263.0,386684.0,387906.0,388405.0,390247.0,391554.0,393171.0,395113.0,5 bedroom
255,453,Napa County,County,CA,CA,6,55,896971.0,899587.0,898107.0,892397.0,888480.0,886615.0,884567.0,880936.0,878264.0,874673.0,873250.0,870106.0,5 bedroom
2351,457,Humboldt County,County,CA,CA,6,23,471875.0,471850.0,472932.0,473280.0,473358.0,471803.0,468430.0,467164.0,466479.0,467537.0,466556.0,463909.0,5 bedroom
1261,588,Nevada County,County,CA,CA,6,57,853109.0,851281.0,853338.0,864529.0,871527.0,870455.0,863655.0,856957.0,853283.0,849521.0,848201.0,850177.0,5 bedroom
1415,607,Sutter County,County,CA,CA,6,101,450689.0,452850.0,452278.0,450986.0,450263.0,457458.0,460484.0,461709.0,457617.0,458200.0,458582.0,458044.0,5 bedroom
2796,645,Mendocino County,County,CA,CA,6,45,772033.0,773584.0,767741.0,763916.0,759612.0,757378.0,750971.0,743206.0,737093.0,736733.0,731768.0,729306.0,5 bedroom
346,743,Yuba County,County,CA,CA,6,115,354245.0,356273.0,358012.0,359373.0,360751.0,363513.0,366817.0,369765.0,370120.0,370867.0,371793.0,374139.0,5 bedroom
217,808,Lake County,County,CA,CA,6,33,467965.0,470119.0,469124.0,464851.0,461554.0,458243.0,461953.0,463899.0,465728.0,461292.0,456867.0,452944.0,5 bedroom
1426,820,Tehama County,County,CA,CA,6,103,325623.0,327420.0,331164.0,335041.0,337997.0,338965.0,339140.0,340546.0,342018.0,343857.0,344922.0,346097.0,5 bedroom
2584,904,Tuolumne County,County,CA,CA,6,109,450925.0,454373.0,457794.0,460381.0,460662.0,461006.0,460226.0,458363.0,455526.0,453178.0,452113.0,452052.0,5 bedroom
3020,907,San Benito County,County,CA,CA,6,69,759945.0,748456.0,743565.0,747627.0,753228.0,755736.0,758072.0,756668.0,757434.0,754106.0,753926.0,755495.0,5 bedroom
2643,1055,Calaveras County,County,CA,CA,6,9,623880.0,626928.0,630265.0,631024.0,631585.0,634321.0,641408.0,649406.0,655682.0,655745.0,652920.0,651359.0,5 bedroom
2548,1069,Siskiyou County,County,CA,CA,6,93,288600.0,288777.0,289529.0,290124.0,291062.0,292256.0,292786.0,293214.0,292286.0,292472.0,291997.0,292355.0,5 bedroom
829,1214,Amador County,County,CA,CA,6,5,440065.0,440400.0,440476.0,441701.0,443497.0,444797.0,445971.0,443891.0,443143.0,442433.0,444145.0,444906.0,5 bedroom
1143,1301,Lassen County,County,CA,CA,6,35,281849.0,281798.0,281924.0,282140.0,282872.0,283065.0,283028.0,283381.0,284267.0,284786.0,284209.0,283494.0,5 bedroom
2678,1469,Del Norte County,County,CA,CA,6,15,466462.0,469478.0,472486.0,476331.0,478326.0,483507.0,486916.0,490528.0,493455.0,495404.0,497312.0,498064.0,5 bedroom
524,1491,Glenn County,County,CA,CA,6,21,285569.0,286814.0,288133.0,289392.0,291510.0,293487.0,294349.0,294716.0,294828.0,296339.0,297506.0,298456.0,5 bedroom
952,1765,Colusa County,County,CA,CA,6,11,347058.0,348434.0,349556.0,350528.0,351674.0,353142.0,354238.0,354838.0,355235.0,356320.0,357148.0,357885.0,5 bedroom
1329,1837,Plumas County,County,CA,CA,6,63,463985.0,464586.0,466157.0,466675.0,468181.0,469098.0,467993.0,465574.0,462890.0,462620.0,462132.0,461646.0,5 bedroom
188,1895,Inyo County,County,CA,CA,6,27,518125.0,519074.0,519938.0,520759.0,521825.0,523599.0,521038.0,518138.0,515263.0,516647.0,517739.0,517731.0,5 bedroom
2403,1911,Mariposa County,County,CA,CA,6,43,513660.0,513942.0,516142.0,516740.0,519732.0,521506.0,520649.0,518812.0,517273.0,519115.0,519789.0,520294.0,5 bedroom
253,2158,Mono County,County,CA,CA,6,51,1154471.0,1154533.0,1155658.0,1158549.0,1160982.0,1164188.0,1168146.0,1173444.0,1178195.0,1179552.0,1177886.0,1176216.0,5 bedroom
2056,2200,Trinity County,County,CA,CA,6,105,395241.0,394741.0,394278.0,394705.0,394396.0,394581.0,393555.0,393836.0,393658.0,394085.0,393470.0,392704.0,5 bedroom
647,2460,Modoc County,County,CA,CA,6,49,207133.0,208133.0,209262.0,210697.0,212483.0,212868.0,212002.0,211112.0,210747.0,211481.0,211712.0,211230.0,5 bedroom
1391,2957,Sierra County,County,CA,CA,6,91,453927.0,456600.0,457243.0,458185.0,458595.0,458730.0,458677.0,459940.0,464071.0,464947.0,463336.0,458512.0,5 bedroom
828,3098,Alpine County,County,CA,CA,6,3,671000.0,671987.0,671395.0,670989.0,670760.0,670373.0,669946.0,669342.0,669748.0,669433.0,670395.0,671140.0,5 bedroom
